{
  "plugins": [
    {
      "name": "RTGEExtension",
      "dependencies": [
        "SidebarMenu"
      ],
      "defaultConfig": {
          "rtgeBackendURLPrefix": "",
          "rtgeGridLayerId": "ref_topo:rtge_carroyage",
          "rtgeGridLayerName": "ref_topo:rtge_carroyage",
          "rtgeGridLayerTitle": "RTGE : Carroyage au 1/200",
          "rtgeGridLayerProjection": "EPSG:3948",
          "rtgeGridLayerGeometryAttribute": "shape",
          "rtgeEmailUrl": "/console/emailProxy",
          "rtgeUserDetailsUrl": "/console/account/userdetails",
          "rtgeUserRolesUrl": "/mapstore/rest/geostore/users/user/details?includeattributes=true",
          "rtgeHomeText": "<h2>Outil d'extraction de dalles du Référentiel Topographique très Grande Échelle (RTGE).</h2><h3>Limites et conditions d'utilisation</h3><p>Les données du RTGE consultables ici le sont à titre informatif uniquement et ne garantissent pas la mise à jour récente de ces dernières.<br>Il n'est pas possible de garantir sur cet outil des mesures de précision topographique sur les données. Il faut se reporter sur les outils spécialisés pour ce genre d'exploitation (AutoCAD, TopStation).<br>Les données de sous-sol concernant les réseaux sont en accès restreint. La possibilité de consulter ces données (sur demande validée par votre responsable hiérarchique) ne vous dispense pas de faire toutes les démarches nécessaires à un projet, notamment les demandes de DT/DICT. Contacter le service Information Géographique si vous avez besoin de consulter les données de réseaux du sous-sol.<br><b>Il vous est strictement interdit de diffuser la donnée de sous-sol (réseaux)</b></p><h3>Principe d'utilisation</h3><p>Les données du RTGE sont découpées en dalle de 140x200m qui couvrent Rennes Métropole.<br>Une demande d'extraction se formule donc sous la forme d'une liste de dalles.<br>La demande sera traitée par le service Information Géographique qui vous renverra 1 fichier DXF.<br>La limite du nombre de dalles maximum par demande est de 50.<br>Les données réseaux schématiques ne sont pas transmises par défaut. Si vous les souhaitez, merci de cocher l'option et un fichier séparé vous sera transmis.<br><b>Lire la métadonnée sur la schématique : ces données ne sont pas issues de récolement et indiquent seulement la présence de réseaux dans la rue. Cette donnée n'est pas précise ne doit en aucun cas servir pour des projets opérationnels.</b></p><h3>Mode d'emploi</h3><p>1. Utiliser 1 des 3 outils de sélection pour sélectionner les dalles dont vous avez besoin. Affiner votre sélection si nécessaire (ajouter / supprimer).<br>2. Cliquer sur le bouton 'Envoi'<br>3. Remplir les champs et motiver votre demande en indiquant le projet d'aménagement ou le besoin.<br>4. Préciser si cela concerne les données de surface et/ou de sous-sol<br>5. Valider la demande</p>",
          "rtgeMailTemplate": "Bonjour,\n\n{{first_name}} {{last_name}} ({{email}} - {{tel}} - {{service}} - {{company}}) a effectué une demande d'extraction de données.\nSurface: {{aboveground}}\nSous-sol: {{underground}} rôle sous-sols: {{undergroundDataIsRequired}}\nRéseaux Schématiques: {{schematicalnetwork}}\n\nMotivations: {{comments}}\n\nLes dalles concernées sont les suivantes:\n\n{{tiles}}",
          "rtgeMailRecipients": ["portail.sig@rennesmetropole.fr"],
          "rtgeMailSubject": "[RTGE] nouvelle demande concernant {{count}} dalles",
          "rtgeMaxTiles": "50",
          "rtgeTileIdAttribute": "id_case",
          "rtgeTilesAttributes": [
            {
              "attribute": "cases_200",
              "title": "Identifiant",
              "colWidth": "col-sm-5"
            },{
              "attribute": "date_der_maj",
              "title": "Date MAJ",
              "colWidth": "col-sm-3"
            },{
              "attribute": "nb_donnees_surf",
              "title": "Nb obj surf",
              "colWidth": "col-sm-2"
            },{
              "attribute": "nb_donnees_ssol",
              "title": "Nb obj ssol",
              "colWidth": "col-sm-2"
            }
          ],
          "rtgeUndergroundDataRoles": ["EL_APPLIS_RMTR_SSOL"]
      }
    }
  ]
}
